"value_key","label_lt","meaning_lt","tension_lt","synonyms_lt"
"aiskumas","Aiškumas","Matyti esmę, kryptį ir kitą žingsnį.","Vidinė įtampa kyla, kai tau tenka rinktis tarp aiškumo ir per didelio kontrolės poreikio.","skaidrumas, kryptis, supratimas, konkretumas"
"ambicija","Ambicija","Siekti aukštų tikslų ir didesnio masto.","Vidinė įtampa kyla, kai tau tenka rinktis tarp didelių tikslų ir poilsio bei santykių.","siekis, karjera, aukšti tikslai, veržlumas"
"artumas","Artumas","Jausti tikrą emocinį ryšį su žmonėmis.","Vidinė įtampa kyla, kai tau tenka rinktis tarp artumo poreikio ir baimės prarasti savarankiškumą.","ryšys, šiluma, intymumas, artimi santykiai"
"ateitis","Ateitis","Galvoti į priekį ir kurti ilgalaikę kryptį.","Vidinė įtampa kyla, kai tau tenka rinktis tarp ateities planavimo ir gyvenimo šiandien.","vizija, planavimas, perspektyva, ilgalaikiškumas"
"atkaklumas","Atkaklumas","Tęsti net tada, kai tampa sunku.","Vidinė įtampa kyla, kai tau tenka rinktis tarp ištvermės ir užsispyrimo, kai reikėtų sustoti.","užsispyrimas, ištvermė, tęstinumas, ryžtas"
"atlaidumas","Atlaidumas","Paleisti nuoskaudą ir neįstrigti kaltinime.","Vidinė įtampa kyla, kai tau tenka rinktis tarp atleidimo ir aiškių ribų saugojimo.","atleidimas, paleidimas, pakantumas, susitaikymas"
"atsakomybe","Atsakomybė","Prisiimti pareigas ir laikytis duoto žodžio.","Vidinė įtampa kyla, kai tau tenka rinktis tarp pareigos kitiems ir savo laisvės.","pareiga, įsipareigojimas, patikimumas, rūpestingumas"
"atsistatymas","Atsistatymas","Grįžti į jėgas po krūvio ar streso.","Vidinė įtampa kyla, kai tau tenka rinktis tarp atsigavimo ir spaudimo nuolat veikti.","poilsis, regeneracija, atsigavimas, resursai"
"atsparumas","Atsparumas","Išlikti tvirtam patiriant spaudimą ar nesėkmes.","Vidinė įtampa kyla, kai tau tenka rinktis tarp stiprybės ir poreikio pripažinti pažeidžiamumą.","tvirtumas, ištvermė, psichologinis stabilumas, atsitiesimas"
"atviras_bendravimas","Atviras bendravimas","Kalbėti aiškiai, tiesiai ir pagarbiai.","Vidinė įtampa kyla, kai tau tenka rinktis tarp tiesumo ir baimės sukelti konfliktą.","dialogas, nuoširdumas, aiškumas, komunikacija"
"atvirumas","Atvirumas","Priimti naujas idėjas, patirtis ir žmones.","Vidinė įtampa kyla, kai tau tenka rinktis tarp atvirumo naujumui ir saugumo poreikio.","lankstumas, smalsumas, priėmimas, naujumas"
"augimas","Augimas","Mokytis, bręsti ir plėsti savo galimybes.","Vidinė įtampa kyla, kai tau tenka rinktis tarp augimo ir noro likti saugioje zonoje.","tobulėjimas, branda, mokymasis, plėtra"
"aukstas_atlyginimas","Aukštas atlyginimas","Gauti didelį finansinį atlygį už darbą.","Vidinė įtampa kyla, kai tau tenka rinktis tarp pinigų ir prasmės, sveikatos ar laiko.","atlygis, pajamos, uždarbis, finansinė nauda"
"autentiskumas","Autentiškumas","Būti savimi, o ne prisitaikyta versija.","Vidinė įtampa kyla, kai tau tenka rinktis tarp tikrumo ir noro pritapti.","tikrumas, savastis, nuoširdumas, natūralumas"
"autonomija","Autonomija","Spręsti savarankiškai ir turėti veikimo laisvę.","Vidinė įtampa kyla, kai tau tenka rinktis tarp savarankiškumo ir bendradarbiavimo poreikio.","savarankiškumas, nepriklausomybė, laisvė, savivalda"
"autoritetas","Autoritetas","Turėti pripažintą balsą ir įtaką kitiems.","Vidinė įtampa kyla, kai tau tenka rinktis tarp įtakos ir poreikio išlikti lygiaverčiam.","statusas, įtaka, pripažinimas, vadovavimas"
"bendradarbiavimas","Bendradarbiavimas","Kurti rezultatą kartu su kitais žmonėmis.","Vidinė įtampa kyla, kai tau tenka rinktis tarp bendro darbo ir asmeninės kontrolės.","partnerystė, kooperacija, komanda, kartu"
"bendrumas","Bendrumas","Jausti, kad esi dalis kažko bendro.","Vidinė įtampa kyla, kai tau tenka rinktis tarp priklausymo ir individualios krypties.","vienybė, kartu, bendras jausmas, priklausymas"
"bendruomene","Bendruomenė","Priklausyti žmonių grupei ir ją stiprinti.","Vidinė įtampa kyla, kai tau tenka rinktis tarp bendruomenės poreikių ir asmeninių prioritetų.","grupė, vieta, socialinis ratas, savi"
"bendruomeniskumas","Bendruomeniškumas","Rūpintis bendru ryšiu ir tarpusavio pagalba.","Vidinė įtampa kyla, kai tau tenka rinktis tarp pagalbos bendruomenei ir savo ribų.","solidarumas, kaimynystė, bendrumas, įsitraukimas"
"buvimas","Buvimas","Būti čia ir dabar, be nuolatinio skubėjimo.","Vidinė įtampa kyla, kai tau tenka rinktis tarp buvimo ir spaudimo kažką pasiekti.","dabartis, sąmoningumas, ramus buvimas, čia"
"darnumas","Darnumas","Gyventi suderintai su savimi, kitais ir aplinka.","Vidinė įtampa kyla, kai tau tenka rinktis tarp darnos siekio ir neišvengiamo konflikto.","suderinamumas, harmonija, balansas, taika"
"dekingumas","Dėkingumas","Pastebėti ir vertinti tai, ką turi.","Vidinė įtampa kyla, kai tau tenka rinktis tarp dėkingumo ir noro siekti daugiau.","įvertinimas, padėka, vertinimas, pripažinimas"
"demesingumas","Dėmesingumas","Sąmoningai pastebėti save, kitus ir aplinką.","Vidinė įtampa kyla, kai tau tenka rinktis tarp dėmesio dabarčiai ir skubėjimo į rezultatą.","mindfulness, pastabumas, sąmoningas dėmesys, atida"
"dialogas","Dialogas","Ieškoti supratimo per abipusį kalbėjimąsi.","Vidinė įtampa kyla, kai tau tenka rinktis tarp dialogo ir noro greitai įrodyti savo tiesą.","pokalbis, klausymasis, diskusija, bendravimas"
"dosnumas","Dosnumas","Dalintis laiku, dėmesiu, žiniomis ar resursais.","Vidinė įtampa kyla, kai tau tenka rinktis tarp dosnumo ir išsekimo, kai ribos neaiškios.","dalijimasis, dosni širdis, parama, duoti"
"drasa","Drąsa","Veikti nepaisant baimės ar nežinomybės.","Vidinė įtampa kyla, kai tau tenka rinktis tarp drąsos ir saugumo poreikio.","narsa, ryžtas, rizika, veikimas"
"draugiskumas","Draugiškumas","Kurti šiltą, lengvą ir palankų santykį.","Vidinė įtampa kyla, kai tau tenka rinktis tarp draugiškumo ir poreikio pasakyti nepatogią tiesą.","malonumas, šiltumas, palankumas, geranoriškumas"
"draugyste","Draugystė","Kurti patikimus ir palaikančius santykius.","Vidinė įtampa kyla, kai tau tenka rinktis tarp draugystės lojalumo ir asmeninių poreikių.","bičiulystė, artimieji, palaikymas, savi"
"dvasinumas","Dvasinumas","Ieškoti gilesnės prasmės ir vidinio ryšio.","Vidinė įtampa kyla, kai tau tenka rinktis tarp dvasinės prasmės ir praktinių kasdienybės reikalavimų.","dvasingumas, tikėjimas, prasmė, vidinis ryšys"
"dziaugsmas_ir_humoras","Džiaugsmas ir humoras","Lengvumas, juokas ir gyvenimo džiaugsmo jausmas.","Vidinė įtampa kyla, kai tau tenka rinktis tarp lengvumo ir situacijų rimtumo.","humoras, linksmybė, žaismingumas, džiaugsmas"
"efektyvumas","Efektyvumas","Pasiekti rezultatą taupant laiką ir energiją.","Vidinė įtampa kyla, kai tau tenka rinktis tarp greito rezultato ir gylio ar kokybės.","našumas, produktyvumas, optimizavimas, greitis"
"ekologija","Ekologija","Rūpintis gamta ir atsakingu poveikiu aplinkai.","Vidinė įtampa kyla, kai tau tenka rinktis tarp ekologijos ir patogumo ar vartojimo įpročių.","aplinkosauga, tvarumas, gamta, atsakomybė aplinkai"
"ekspresija","Ekspresija","Laisvai išreikšti save žodžiu, kūnu ar kūryba.","Vidinė įtampa kyla, kai tau tenka rinktis tarp saviraiškos ir baimės būti įvertintam.","išraiška, saviraiška, raiška, matomumas"
"emocinis_saugumas","Emocinis saugumas","Jaustis priimtam, girdimam ir negrėsmingame santykyje.","Vidinė įtampa kyla, kai tau tenka rinktis tarp saugumo poreikio ir augimo per nepatogumą.","saugus ryšys, priėmimas, ramybė, pasitikėjimas"
"empatija","Empatija","Jausti ir suprasti kito žmogaus patirtį.","Vidinė įtampa kyla, kai tau tenka rinktis tarp empatijos kitiems ir savo ribų saugojimo.","įsijautimas, supratimas, atjauta, jautrumas"
"energija","Energija","Turėti vidinės jėgos veikti ir kurti.","Vidinė įtampa kyla, kai tau tenka rinktis tarp energijos išraiškos ir atsigavimo poreikio.","gyvybingumas, jėga, aktyvumas, užsidegimas"
"estetika","Estetika","Vertinti grožį, formą, stilių ir harmoniją.","Vidinė įtampa kyla, kai tau tenka rinktis tarp grožio siekio ir praktiškumo ar paprastumo.","grožis, dizainas, stilius, harmonija"
"etika","Etika","Elgtis pagal moralinius principus ir atsakomybę.","Vidinė įtampa kyla, kai tau tenka rinktis tarp principų ir patogaus kompromiso.","moralė, principai, sąžinė, dorumas"
"finansine_gerove","Finansinė gerovė","Turėti pakankamai pinigų saugiam ir oriam gyvenimui.","Vidinė įtampa kyla, kai tau tenka rinktis tarp finansų kaupimo ir gyvenimo kokybės šiandien.","pinigai, gerovė, pajamos, materialumas"
"finansine_laisve","Finansinė laisvė","Turėti pinigų laisvai rinktis gyvenimo kryptį.","Vidinė įtampa kyla, kai tau tenka rinktis tarp finansinės laisvės ir rizikos siekiant jos.","nepriklausomi finansai, laisvė, kapitalas, pasirinkimai"
"finansinis_saugumas","Finansinis saugumas","Jaustis stabiliai dėl pinigų ir ateities.","Vidinė įtampa kyla, kai tau tenka rinktis tarp saugumo kaupimo ir drąsos investuoti ar keistis.","stabilios pajamos, atsargos, saugumas, finansai"
"fizine_stiprybe","Fizinė stiprybė","Jausti kūno jėgą, ištvermę ir pajėgumą.","Vidinė įtampa kyla, kai tau tenka rinktis tarp kūno stiprinimo ir kitų gyvenimo sričių.","jėga, kūnas, sportas, ištvermė"
"gailestingumas","Gailestingumas","Reaguoti į kitų skausmą švelniai ir žmogiškai.","Vidinė įtampa kyla, kai tau tenka rinktis tarp gailestingumo ir atsakomybės už pasekmes.","atjauta, širdingumas, pasigailėjimas, žmoniškumas"
"galia_ir_vadovavimas","Galia ir vadovavimas","Daryti įtaką, priimti sprendimus ir vesti kitus.","Vidinė įtampa kyla, kai tau tenka rinktis tarp galios naudojimo ir tarnystės žmonėms.","valdžia, įtaka, kontrolė, lyderystė"
"galimybes","Galimybės","Matyti ir naudoti atviras perspektyvas veikti.","Vidinė įtampa kyla, kai tau tenka rinktis tarp galimybių gausos ir aiškaus pasirinkimo.","šansai, potencialas, perspektyvos, durys"
"gamta_ir_aplinka","Gamta ir aplinka","Jausti ryšį su gamta ir ją saugoti.","Vidinė įtampa kyla, kai tau tenka rinktis tarp gamtos vertės ir miesto ar vartojimo patogumo.","gamta, aplinka, žemė, ekologija"
"garbe_ir_vientisumas","Garbė ir vientisumas","Laikytis principų net kai niekas nemato.","Vidinė įtampa kyla, kai tau tenka rinktis tarp garbės ir naudos siekio.","garbė, orumas, principai, integralumas"
"gerumas","Gerumas","Rinktis švelnų, geranorišką elgesį su žmonėmis.","Vidinė įtampa kyla, kai tau tenka rinktis tarp gerumo kitiems ir savo poreikių nepametimo.","malonumas, širdingumas, atjauta, geranoriškumas"
"greitis","Greitis","Veikti greitai, trumpinant kelią iki rezultato.","Vidinė įtampa kyla, kai tau tenka rinktis tarp greičio ir kokybės ar ramybės.","sparta, tempas, operatyvumas, vikrumas"
"gyvybingumas","Gyvybingumas","Jaustis gyvam, energingam ir įsitraukusiam.","Vidinė įtampa kyla, kai tau tenka rinktis tarp intensyvumo ir stabilaus ritmo.","vitalumas, energija, gyvumas, jėga"
"harmonija","Harmonija","Sukurti taiką, suderinamumą ir vidinį balansą.","Vidinė įtampa kyla, kai tau tenka rinktis tarp harmonijos ir būtino atviro konflikto.","darna, ramybė, pusiausvyra, suderinamumas"
"igyvendinimas","Įgyvendinimas","Paversti idėjas realiais veiksmais ir rezultatais.","Vidinė įtampa kyla, kai tau tenka rinktis tarp plano įgyvendinimo ir lankstumo keisti kryptį.","realizacija, vykdymas, atlikimas, užbaigimas"
"ikvepimas","Įkvėpimas","Jausti pakylėjimą ir norą veikti prasmingai.","Vidinė įtampa kyla, kai tau tenka rinktis tarp įkvėpimo laukimo ir kasdienės disciplinos.","užsidegimas, motyvacija, pakylėjimas, impulsas"
"individualumas","Individualumas","Gerbti savo unikalumą ir atskirą kelią.","Vidinė įtampa kyla, kai tau tenka rinktis tarp individualumo ir priklausymo grupei.","unikalumas, savitumas, atskirumas, asmeniškumas"
"iniciatyva","Iniciatyva","Imtis veiksmo nelaukiant leidimo ar paskatinimo.","Vidinė įtampa kyla, kai tau tenka rinktis tarp iniciatyvos ir atsakomybės neperimti visko.","veiklumas, pradėjimas, aktyvumas, pirmas žingsnis"
"inovacijos","Inovacijos","Kurti naujus sprendimus, metodus ar kryptis.","Vidinė įtampa kyla, kai tau tenka rinktis tarp naujovių ir stabiliai veikiančių sistemų.","naujovės, progresas, eksperimentai, išradimai"
"intymumas","Intymumas","Leisti tikrą artumą, pasitikėjimą ir atvirumą.","Vidinė įtampa kyla, kai tau tenka rinktis tarp intymumo ir baimės būti pažeidžiamam.","artumas, emocinis ryšys, pasitikėjimas, švelnumas"
"isbaigtumas","Išbaigtumas","Užbaigti dalykus iki aiškios ir pilnos formos.","Vidinė įtampa kyla, kai tau tenka rinktis tarp išbaigtumo ir per didelio perfekcionizmo.","pilnumas, užbaigimas, išdirbimas, pilnatvė"
"ismintis","Išmintis","Matyti plačiau, giliau ir brandžiau spręsti.","Vidinė įtampa kyla, kai tau tenka rinktis tarp išmintingo apmąstymo ir per ilgo delsimo.","brandumas, įžvalga, patirtis, perspektyva"
"issilavinimas","Išsilavinimas","Kaupti žinias, ugdyti protą ir kompetenciją.","Vidinė įtampa kyla, kai tau tenka rinktis tarp mokymosi ir praktinio veikimo.","mokslas, studijos, žinios, išprusimas"
"issukis","Iššūkis","Rinktis situacijas, kurios augina ir išbando.","Vidinė įtampa kyla, kai tau tenka rinktis tarp iššūkio troškimo ir saugumo poreikio.","sunkumas, testas, augimas, išbandymas"
"istikimybe","Ištikimybė","Likti ištikimam žmonėms, pažadams ir principams.","Vidinė įtampa kyla, kai tau tenka rinktis tarp lojalumo kitiems ir tiesos sau.","lojalumas, atsidavimas, patikimumas, pastovumas"
"istverme","Ištvermė","Išlaikyti pastangas ilgą laiką.","Vidinė įtampa kyla, kai tau tenka rinktis tarp ištvermės ir gebėjimo laiku sustoti.","atkaklumas, kantrybė, tvirtumas, laikymasis"
"itaka","Įtaka","Daryti poveikį žmonėms, sprendimams ar kultūrai.","Vidinė įtampa kyla, kai tau tenka rinktis tarp įtakos siekio ir pagarbos kitų autonomijai.","poveikis, svoris, autoritetas, matomumas"
"itrauktis","Įtrauktis","Kurti vietą skirtingiems žmonėms ir balsams.","Vidinė įtampa kyla, kai tau tenka rinktis tarp įtraukties ir aiškių standartų ar ribų.","įvairovė, priėmimas, lygybė, dalyvavimas"
"ivairove","Įvairovė","Vertinti skirtingas patirtis, požiūrius ir žmones.","Vidinė įtampa kyla, kai tau tenka rinktis tarp įvairovės ir noro turėti aiškų vienodumą.","skirtingumas, margumas, pluralizmas, atvirumas"
"judejimas","Judėjimas","Būti veiksme, kūne, kelionėje ar pokytyje.","Vidinė įtampa kyla, kai tau tenka rinktis tarp judėjimo ir poreikio įsišaknyti.","veiksmas, kūnas, dinamika, aktyvumas"
"kantrybe","Kantrybė","Išbūti procese, kai rezultatui reikia laiko.","Vidinė įtampa kyla, kai tau tenka rinktis tarp kantrybės ir būtinybės veikti greičiau.","laukimas, pakanta, ramumas, ištvermė"
"kilnumas","Kilnumas","Elgtis garbingai, dosniai ir aukštesniu principu.","Vidinė įtampa kyla, kai tau tenka rinktis tarp kilnumo ir asmeninės naudos.","garbingumas, taurumas, orumas, didžiadvasiškumas"
"klausymasis","Klausymasis","Girdėti kitą žmogų, ne tik laukti atsakymo.","Vidinė įtampa kyla, kai tau tenka rinktis tarp klausymosi ir poreikio išsakyti save.","girdėjimas, dėmesys, priėmimas, supratimas"
"kokybe_ir_meistriskumas","Kokybė ir meistriškumas","Daryti gerai, giliai ir aukštu standartu.","Vidinė įtampa kyla, kai tau tenka rinktis tarp kokybės ir greito rezultato.","meistrystė, profesionalumas, standartas, precizika"
"komandinis_darbas","Komandinis darbas","Pasiekti tikslą pasitikint komandos indėliu.","Vidinė įtampa kyla, kai tau tenka rinktis tarp komandos ritmo ir individualaus tempo.","komanda, bendradarbiavimas, kartu, sinergija"
"komfortas","Komfortas","Jaustis patogiai, saugiai ir be perteklinės įtampos.","Vidinė įtampa kyla, kai tau tenka rinktis tarp komforto ir augimo per nepatogumą.","patogumas, lengvumas, saugumas, jaukumas"
"kompetencija","Kompetencija","Gebėti atlikti darbą gerai ir užtikrintai.","Vidinė įtampa kyla, kai tau tenka rinktis tarp kompetencijos siekio ir baimės klysti.","gebėjimas, kvalifikacija, profesionalumas, išmanymas"
"komunikacija","Komunikacija","Keistis mintimis taip, kad gimtų supratimas.","Vidinė įtampa kyla, kai tau tenka rinktis tarp kalbėjimo ir tylos kaip apsaugos.","bendravimas, dialogas, aiškumas, informacija"
"konformizmas","Konformizmas","Prisitaikyti prie normų, taisyklių ir lūkesčių.","Vidinė įtampa kyla, kai tau tenka rinktis tarp pritapimo ir savos tiesos išlaikymo.","prisitaikymas, normos, paklusimas, pritapimas"
"kritinis_mastymas","Kritinis mąstymas","Vertinti informaciją blaiviai, klausiant ir tikrinant.","Vidinė įtampa kyla, kai tau tenka rinktis tarp kritiškumo ir pasitikėjimo procesu ar žmonėmis.","analizė, abejonė, vertinimas, racionalumas"
"kruopstumas","Kruopštumas","Atidžiai ir tiksliai atlikti svarbias detales.","Vidinė įtampa kyla, kai tau tenka rinktis tarp kruopštumo ir greičio.","atidumas, detalumas, preciziškumas, rūpestingumas"
"kuklumas","Kuklumas","Nepervertinti savęs ir likti paprastam.","Vidinė įtampa kyla, kai tau tenka rinktis tarp kuklumo ir sveiko savęs parodymo.","nuolankumas, paprastumas, saikingumas, tylumas"
"kultura","Kultūra","Vertinti meną, tradicijas, kalbą ir bendrą paveldą.","Vidinė įtampa kyla, kai tau tenka rinktis tarp kultūros išlaikymo ir naujų formų priėmimo.","menas, paveldas, tradicijos, civilizacija"
"kurimas","Kūrimas","Paversti idėjas naujais dalykais ar sprendimais.","Vidinė įtampa kyla, kai tau tenka rinktis tarp kūrimo laisvės ir užbaigimo disciplinos.","kūryba, realizacija, konstravimas, gamyba"
"kurybiskumas","Kūrybiškumas","Rasti naujas idėjas, formas ir sprendimus.","Vidinė įtampa kyla, kai tau tenka rinktis tarp kūrybos chaoso ir struktūros poreikio.","originalumas, vaizduotė, idėjos, kūryba"
"laime","Laimė","Jausti pasitenkinimą ir gyvenimo pilnumą.","Vidinė įtampa kyla, kai tau tenka rinktis tarp laimės siekio ir nemalonių realybės dalių priėmimo.","džiaugsmas, pasitenkinimas, gerovė, pilnatvė"
"laisve","Laisvė","Rinktis savo kelią, laiką ir sprendimus.","Vidinė įtampa kyla, kai tau tenka rinktis tarp laisvės ir atsakomybės už pasekmes.","nepriklausomybė, autonomija, pasirinkimas, erdvė"
"lankstumas","Lankstumas","Keisti požiūrį ir veiksmus pagal situaciją.","Vidinė įtampa kyla, kai tau tenka rinktis tarp lankstumo ir aiškių principų.","prisitaikymas, plastiškumas, atvirumas, mobilumas"
"lengvumas","Lengvumas","Gyventi paprasčiau, be perteklinės įtampos.","Vidinė įtampa kyla, kai tau tenka rinktis tarp lengvumo ir atsakomybės rimtumo.","paprastumas, šviesumas, žaismingumas, neapkrautumas"
"linksmybes_ir_humoras","Linksmybės ir humoras","Leisti sau juoktis, žaisti ir atsipalaiduoti.","Vidinė įtampa kyla, kai tau tenka rinktis tarp linksmybių ir situacijos rimtumo.","juokas, pramoga, žaismingumas, džiaugsmas"
"logika","Logika","Spręsti remiantis priežastimis, faktais ir nuoseklumu.","Vidinė įtampa kyla, kai tau tenka rinktis tarp logikos ir emocinio ar intuityvaus žinojimo.","racionalumas, argumentai, protas, nuoseklumas"
"lyderyste","Lyderystė","Vesti žmones kryptingai, atsakingai ir įkvepiančiai.","Vidinė įtampa kyla, kai tau tenka rinktis tarp vadovavimo ir kitų autonomijos.","vadovavimas, įtaka, kryptis, telkimas"
"lygybe_ir_teisingumas","Lygybė ir teisingumas","Siekti vienodų galimybių ir sąžiningo elgesio.","Vidinė įtampa kyla, kai tau tenka rinktis tarp lygybės principo ir lojalumo saviems.","teisingumas, lygiateisiškumas, sąžiningumas, nešališkumas"
"malonumas","Malonumas","Patirti kūnišką, emocinį ar estetinį pasitenkinimą.","Vidinė įtampa kyla, kai tau tenka rinktis tarp malonumo dabar ir ilgalaikės gerovės.","pasitenkinimas, hedonizmas, mėgavimasis, komfortas"
"meile","Meilė","Rinktis rūpestį, šilumą ir artimą ryšį.","Vidinė įtampa kyla, kai tau tenka rinktis tarp meilės kitam ir savęs nepametimo.","artumas, šiluma, rūpestis, prisirišimas"
"mentoryste","Mentorystė","Padėti kitam augti perduodant patirtį.","Vidinė įtampa kyla, kai tau tenka rinktis tarp pagalbos kitam ir savo kelio vystymo.","ugdymas, konsultavimas, palydėjimas, mokymas"
"minimalizmas","Minimalizmas","Turėti mažiau, bet aiškiau ir sąmoningiau.","Vidinė įtampa kyla, kai tau tenka rinktis tarp paprastumo ir noro turėti daugiau pasirinkimų.","paprastumas, mažiau, tvarka, saikas"
"misija","Misija","Jausti didesnę kryptį, kuriai verta tarnauti.","Vidinė įtampa kyla, kai tau tenka rinktis tarp misijos ir kasdienio gyvenimo ribų.","pašaukimas, tikslas, paskirtis, prasmė"
"mokslas","Mokslas","Ieškoti patikrintų žinių, įrodymų ir pažangos.","Vidinė įtampa kyla, kai tau tenka rinktis tarp mokslo įrodymų ir asmeninės patirties.","tyrimai, žinios, faktai, pažanga"
"motyvacija","Motyvacija","Turėti vidinį impulsą veikti ir siekti.","Vidinė įtampa kyla, kai tau tenka rinktis tarp motyvacijos laukimo ir disciplinuoto veiksmo.","įkvėpimas, noras, impulsas, užsidegimas"
"namai","Namai","Turėti saugią, savą ir jaukią vietą.","Vidinė įtampa kyla, kai tau tenka rinktis tarp namų saugumo ir pasaulio tyrinėjimo.","jaukumas, vieta, šeima, saugumas"
"nepriklausomybe","Nepriklausomybė","Gebėti gyventi ir spręsti savarankiškai.","Vidinė įtampa kyla, kai tau tenka rinktis tarp nepriklausomybės ir artumo poreikio.","laisvė, autonomija, savarankiškumas, savivalda"
"nepriklausomybe_ir_atsakomybe","Nepriklausomybė ir atsakomybė","Būti laisvam ir atsakyti už savo pasirinkimus.","Vidinė įtampa kyla, kai tau tenka rinktis tarp savo kelio ir prisiimtų pareigų.","autonomija, pareiga, laisvė, savarankiškumas"
"nuolankumas","Nuolankumas","Mokėti nusileisti ego ir likti mokiniu.","Vidinė įtampa kyla, kai tau tenka rinktis tarp nuolankumo ir savivertės parodymo.","kuklumas, mokymasis, paprastumas, ego paleidimas"
"nuoseklumas","Nuoseklumas","Laikytis krypties, ritmo ir pasirinkto kelio.","Vidinė įtampa kyla, kai tau tenka rinktis tarp nuoseklumo ir poreikio prisitaikyti.","pastovumas, tęstinumas, ritmas, disciplina"
"nuosirdumas","Nuoširdumas","Kalbėti ir elgtis tikrai, be vaidmens.","Vidinė įtampa kyla, kai tau tenka rinktis tarp nuoširdumo ir baimės būti neteisingai suprastam.","atvirumas, tikrumas, sąžiningumas, širdingumas"
"nuotykis","Nuotykis","Ieškoti naujų patirčių, rizikos ir gyvumo.","Vidinė įtampa kyla, kai tau tenka rinktis tarp nuotykio ir stabilumo poreikio.","kelionės, rizika, atradimai, patirtys"
"objektyvumas","Objektyvumas","Vertinti be šališkumo, remiantis faktais.","Vidinė įtampa kyla, kai tau tenka rinktis tarp objektyvumo ir asmeninio lojalumo.","nešališkumas, faktai, neutralumas, racionalumas"
"originalumas","Originalumas","Kurti savitai, ne kopijuojant kitų kelią.","Vidinė įtampa kyla, kai tau tenka rinktis tarp originalumo ir noro būti suprastam.","unikalumas, savitumas, kūryba, naujumas"
"orumas","Orumas","Gerbti savo ir kito žmogaus vertę.","Vidinė įtampa kyla, kai tau tenka rinktis tarp orumo ir spaudimo nusileisti dėl naudos.","savigarba, pagarba, garbė, vertė"
"pagalba","Pagalba","Padėti, kai kitam reikia palaikymo ar veiksmo.","Vidinė įtampa kyla, kai tau tenka rinktis tarp pagalbos ir ribų saugojimo.","parama, palaikymas, pagalba kitiems, rūpestis"
"pagalba_kitiems","Pagalba kitiems","Skirti jėgas kitų poreikiams ir gerovei.","Vidinė įtampa kyla, kai tau tenka rinktis tarp tarnystės kitiems ir savęs nepametimo.","tarnystė, parama, rūpestis, palaikymas"
"pagarba","Pagarba","Matyti savo ir kitų žmonių orumą.","Vidinė įtampa kyla, kai tau tenka rinktis tarp pagarbos kitam ir savo tiesos išlaikymo.","orumas, vertinimas, pagarbus elgesys, pripažinimas"
"palikimas","Palikimas","Kurti tai, kas liks po tavęs.","Vidinė įtampa kyla, kai tau tenka rinktis tarp palikimo ateičiai ir gyvenimo šiandien.","paveldas, įtaka, ženklas, tęstinumas"
"paprastumas","Paprastumas","Rinktis aiškiai, be nereikalingo sudėtingumo.","Vidinė įtampa kyla, kai tau tenka rinktis tarp paprastumo ir noro viską išplėsti.","aiškumas, minimalizmas, lengvumas, paprastumas"
"pareiga","Pareiga","Daryti tai, ką laikai savo įsipareigojimu.","Vidinė įtampa kyla, kai tau tenka rinktis tarp pareigos ir asmeninio noro.","atsakomybė, priedermė, įsipareigojimas, tarnyba"
"pasitenkinimas","Pasitenkinimas","Jausti vidinį pakankamumą dėl gyvenimo.","Vidinė įtampa kyla, kai tau tenka rinktis tarp pasitenkinimo ir noro augti toliau.","pilnatvė, laimė, gerovė, pakankamumas"
"pasitikejimas","Pasitikėjimas","Tikėti kitu žmogumi, procesu ar savimi.","Vidinė įtampa kyla, kai tau tenka rinktis tarp pasitikėjimo ir poreikio apsisaugoti.","tikėjimas, saugumas, patikimumas, atvirumas"
"pasitikejimas_savimi","Pasitikėjimas savimi","Tikėti savo gebėjimu rinktis ir veikti.","Vidinė įtampa kyla, kai tau tenka rinktis tarp savivertės ir realaus grįžtamojo ryšio priėmimo.","savivertė, drąsa, tikėjimas savimi, užtikrintumas"
"patikimumas","Patikimumas","Būti žmogumi, kuriuo galima pasikliauti.","Vidinė įtampa kyla, kai tau tenka rinktis tarp patikimumo kitiems ir savo lankstumo.","atsakomybė, pastovumas, stabilumas, laikymasis žodžio"
"patriotizmas","Patriotizmas","Gerbti savo šalį, kalbą ir bendrą istoriją.","Vidinė įtampa kyla, kai tau tenka rinktis tarp meilės saviems ir atvirumo pasauliui.","tėvynė, pilietiškumas, šalies meilė, lojalumas"
"paveldas","Paveldas","Saugoti tai, ką perdavė ankstesnės kartos.","Vidinė įtampa kyla, kai tau tenka rinktis tarp paveldo išlaikymo ir būtino atsinaujinimo.","tradicija, palikimas, šaknys, istorija"
"pazeidziamumas","Pažeidžiamumas","Leisti sau būti matomam be apsauginių kaukių.","Vidinė įtampa kyla, kai tau tenka rinktis tarp atvirumo ir baimės būti sužeistam.","atvirumas, jautrumas, tikrumas, intymumas"
"pazinimas","Pažinimas","Tyrinėti, suprasti ir plėsti suvokimą.","Vidinė įtampa kyla, kai tau tenka rinktis tarp pažinimo ir veiksmo čia ir dabar.","žinios, smalsumas, tyrinėjimas, suvokimas"
"pilietiskumas","Pilietiškumas","Veikti atsakingai kaip bendruomenės ir valstybės nariui.","Vidinė įtampa kyla, kai tau tenka rinktis tarp visuomeninės pareigos ir asmeninio patogumo.","atsakomybė visuomenei, dalyvavimas, pilietinė pareiga, valstybė"
"poilsis","Poilsis","Atkurti jėgas, nurimti ir sustoti.","Vidinė įtampa kyla, kai tau tenka rinktis tarp poilsio ir kaltės dėl neveikimo.","atsigavimas, ramybė, atstatymas, pauzė"
"poveikis","Poveikis","Kurti matomą pokytį žmonėms ar aplinkai.","Vidinė įtampa kyla, kai tau tenka rinktis tarp poveikio siekio ir vidinės ramybės.","įtaka, rezultatas, pokytis, reikšmė"
"prabanga","Prabanga","Mėgautis aukšta kokybe, grožiu ir išskirtinumu.","Vidinė įtampa kyla, kai tau tenka rinktis tarp prabangos ir paprastumo ar saiko.","išskirtinumas, komfortas, statusas, kokybė"
"prasmingumas","Prasmingumas","Jausti, kad tai, ką darai, turi prasmę.","Vidinė įtampa kyla, kai tau tenka rinktis tarp prasmės paieškos ir praktinių poreikių.","prasmė, tikslas, misija, gilumas"
"preciziskumas","Preciziškumas","Būti itin tiksliam ir atidžiam detalėms.","Vidinė įtampa kyla, kai tau tenka rinktis tarp tikslumo ir judėjimo į priekį.","tikslumas, kruopštumas, detalumas, precizika"
"priklausymas","Priklausymas","Jaustis priimtam, savam ir reikalingam.","Vidinė įtampa kyla, kai tau tenka rinktis tarp priklausymo grupei ir individualumo.","bendrumas, savumas, ryšys, priėmimas"
"principingumas","Principingumas","Laikytis aiškių principų net spaudžiant aplinkai.","Vidinė įtampa kyla, kai tau tenka rinktis tarp principų ir lankstaus kompromiso.","vertybinis tvirtumas, moralė, etika, nuoseklumas"
"pripazinimas","Pripažinimas","Būti matomam ir įvertintam už indėlį.","Vidinė įtampa kyla, kai tau tenka rinktis tarp pripažinimo poreikio ir vidinės savivertės.","įvertinimas, matomumas, statusas, pagyrimas"
"prisitaikymas","Prisitaikymas","Keistis pagal situaciją neprarandant savęs.","Vidinė įtampa kyla, kai tau tenka rinktis tarp prisitaikymo ir savo krypties saugojimo.","lankstumas, adaptacija, plastiškumas, reakcija"
"privatumas","Privatumas","Turėti savo erdvę, ribas ir vidinį gyvenimą.","Vidinė įtampa kyla, kai tau tenka rinktis tarp privatumo ir atviro ryšio su kitais.","erdvė, ribos, saugumas, asmeniškumas"
"produktyvumas","Produktyvumas","Padaryti daugiau vertingų dalykų per turimą laiką.","Vidinė įtampa kyla, kai tau tenka rinktis tarp produktyvumo ir gyvo buvimo.","našumas, efektyvumas, rezultatyvumas, veiklumas"
"progresas","Progresas","Judėti į priekį ir gerinti esamą padėtį.","Vidinė įtampa kyla, kai tau tenka rinktis tarp progreso ir pagarbos tam, kas jau veikia.","pažanga, vystymasis, augimas, judėjimas"
"pusiausvyra","Pusiausvyra","Derinti svarbias gyvenimo sritis be kraštutinumų.","Vidinė įtampa kyla, kai tau tenka rinktis tarp balanso ir stipraus vienos krypties siekio.","balansas, darna, harmonija, saikas"
"ramybe","Ramybė","Jausti vidinę tylą, stabilumą ir mažiau įtampos.","Vidinė įtampa kyla, kai tau tenka rinktis tarp ramybės ir aktyvaus augimo per nepatogumą.","taika, tyla, stabilumas, vidinė ramybė"
"reputacija","Reputacija","Saugoti, kaip tavo vardas matomas kitiems.","Vidinė įtampa kyla, kai tau tenka rinktis tarp reputacijos ir autentiško rizikavimo.","vardas, įvaizdis, prestižas, patikimumas"
"rezultatai","Rezultatai","Matyti aiškią veiksmų naudą ir pasiekimus.","Vidinė įtampa kyla, kai tau tenka rinktis tarp rezultatų ir proceso kokybės.","pasiekimai, išdava, efektyvumas, sėkmė"
"ribos","Ribos","Aiškiai saugoti savo laiką, erdvę ir energiją.","Vidinė įtampa kyla, kai tau tenka rinktis tarp ribų ir noro būti priimtam.","limitai, savisauga, ne, privatumas"
"rizikos_priemimas","Rizikos priėmimas","Sąmoningai rinktis nežinomybę dėl didesnės galimybės.","Vidinė įtampa kyla, kai tau tenka rinktis tarp rizikos ir saugumo poreikio.","rizika, drąsa, statymas, eksperimentas"
"rupestis","Rūpestis","Skirti dėmesį kito ar savo gerovei.","Vidinė įtampa kyla, kai tau tenka rinktis tarp rūpesčio ir per didelio atsakomybės prisiėmimo.","globa, atjauta, pagalba, švelnumas"
"rysys","Ryšys","Jausti tikrą sąsają su žmonėmis ar pasauliu.","Vidinė įtampa kyla, kai tau tenka rinktis tarp ryšio ir nepriklausomybės poreikio.","artumas, kontaktas, bendrumas, santykis"
"ryztas","Ryžtas","Apsispręsti ir veikti net kai sunku.","Vidinė įtampa kyla, kai tau tenka rinktis tarp ryžto ir gebėjimo persvarstyti kryptį.","drąsa, apsisprendimas, tvirtumas, atkaklumas"
"saikas","Saikas","Rinktis tiek, kiek pakanka ir negriauna balanso.","Vidinė įtampa kyla, kai tau tenka rinktis tarp saiko ir noro patirti daugiau.","santūrumas, pusiausvyra, ribos, matas"
"samoninga_lyderyste","Sąmoninga lyderystė","Vesti kitus atsakingai, girdint save ir žmones.","Vidinė įtampa kyla, kai tau tenka rinktis tarp vedimo į priekį ir gebėjimo sustoti pastebėti.","atsakinga lyderystė, įsisąmoninimas, vadovavimas, brandumas"
"samoningumas","Sąmoningumas","Pastebėti mintis, jausmus, veiksmus ir pasirinkimus.","Vidinė įtampa kyla, kai tau tenka rinktis tarp sąmoningumo ir automatinio greito reagavimo.","pastabumas, dėmesingumas, savistaba, budrumas"
"santykiai","Santykiai","Kurti gyvus, pagarbius ir palaikančius ryšius.","Vidinė įtampa kyla, kai tau tenka rinktis tarp santykių palaikymo ir savo poreikių.","ryšiai, artumas, bendravimas, partnerystė"
"saugumas","Saugumas","Jaustis apsaugotam, stabiliam ir negrėsmingoje aplinkoje.","Vidinė įtampa kyla, kai tau tenka rinktis tarp saugumo ir laisvės rizikuoti.","apsauga, stabilumas, ramybė, užtikrintumas"
"savarankiskumas","Savarankiškumas","Gebėti veikti remiantis savo sprendimais.","Vidinė įtampa kyla, kai tau tenka rinktis tarp savarankiškumo ir pagalbos priėmimo.","autonomija, nepriklausomybė, laisvė, savivalda"
"saves_pazinimas","Savęs pažinimas","Geriau suprasti savo motyvus, ribas ir poreikius.","Vidinė įtampa kyla, kai tau tenka rinktis tarp savianalizės ir realaus veikimo.","savistaba, refleksija, savivoka, vidinis darbas"
"saviraiska","Saviraiška","Išreikšti vidų per žodžius, kūną ar kūrybą.","Vidinė įtampa kyla, kai tau tenka rinktis tarp saviraiškos ir baimės būti vertinamam.","raiška, ekspresija, kūryba, matomumas"
"savirealizacija","Savirealizacija","Įgyvendinti savo potencialą ir pašaukimą.","Vidinė įtampa kyla, kai tau tenka rinktis tarp savirealizacijos ir kitų lūkesčių.","potencialas, pašaukimas, realizacija, augimas"
"saviugda","Saviugda","Sąmoningai ugdyti savo įgūdžius ir charakterį.","Vidinė įtampa kyla, kai tau tenka rinktis tarp saviugdos ir savęs priėmimo dabar.","tobulėjimas, augimas, mokymasis, disciplina"
"saziningumas_ir_vientisumas","Sąžiningumas ir vientisumas","Sakyti tiesą ir gyventi pagal principus.","Vidinė įtampa kyla, kai tau tenka rinktis tarp sąžiningumo ir patogaus prisitaikymo.","integralumas, tiesumas, etika, skaidrumas"
"seima","Šeima","Rūpintis artimaisiais ir bendru namų ryšiu.","Vidinė įtampa kyla, kai tau tenka rinktis tarp šeimos lojalumo ir asmeninės laisvės.","artimieji, namai, giminė, rūpestis"
"sekme","Sėkmė","Pasiekti tai, ką laikai svarbiu laimėjimu.","Vidinė įtampa kyla, kai tau tenka rinktis tarp sėkmės siekio ir vidinės ramybės.","laimėjimas, pasiekimai, rezultatas, pripažinimas"
"skaidrumas","Skaidrumas","Veikti aiškiai, atvirai ir be paslėptų motyvų.","Vidinė įtampa kyla, kai tau tenka rinktis tarp skaidrumo ir privatumo poreikio.","atvirumas, aiškumas, sąžiningumas, matomumas"
"smalsumas","Smalsumas","Klausinėti, tyrinėti ir norėti suprasti daugiau.","Vidinė įtampa kyla, kai tau tenka rinktis tarp smalsumo ir susitelkimo į vieną kryptį.","pažinimas, tyrinėjimas, klausimai, domėjimasis"
"socialinis_statusas","Socialinis statusas","Turėti matomą vietą, prestižą ir pripažinimą.","Vidinė įtampa kyla, kai tau tenka rinktis tarp statuso ir autentiškumo.","prestižas, padėtis, reputacija, įvaizdis"
"stabilumas","Stabilumas","Turėti tvirtą pagrindą, ritmą ir numatomumą.","Vidinė įtampa kyla, kai tau tenka rinktis tarp stabilumo ir pokyčio poreikio.","pastovumas, saugumas, struktūra, pamatas"
"strategija","Strategija","Mąstyti keliais žingsniais į priekį.","Vidinė įtampa kyla, kai tau tenka rinktis tarp ilgalaikio plano ir spontaniško veiksmo.","planas, kryptis, taktika, mąstymas"
"struktura","Struktūra","Turėti aiškią sistemą, tvarką ir rėmus.","Vidinė įtampa kyla, kai tau tenka rinktis tarp struktūros ir kūrybinės laisvės.","sistema, tvarka, rėmai, organizavimas"
"sunkus_darbas","Sunkus darbas","Dėti daug pastangų, net kai sunku.","Vidinė įtampa kyla, kai tau tenka rinktis tarp pastangų ir protingo darbo ar poilsio.","darbas, pastangos, disciplina, atkaklumas"
"susitelkimas","Susitelkimas","Laikyti dėmesį ties svarbiausiu dalyku.","Vidinė įtampa kyla, kai tau tenka rinktis tarp susitelkimo ir daugelio galimybių.","fokusas, koncentracija, dėmesys, kryptis"
"sveikata","Sveikata","Rūpintis kūnu, psichika ir energija.","Vidinė įtampa kyla, kai tau tenka rinktis tarp sveikatos ir spaudimo aukoti save tikslams.","gerovė, kūnas, savijauta, savipriežiūra"
"sveikata_ir_gerove","Sveikata ir gerovė","Kurti fizinę, emocinę ir gyvenimo gerovę.","Vidinė įtampa kyla, kai tau tenka rinktis tarp gerovės palaikymo ir intensyvių ambicijų.","sveikata, savijauta, balansas, gerbūvis"
"svelnumas","Švelnumas","Elgtis minkštai, jautriai ir rūpestingai.","Vidinė įtampa kyla, kai tau tenka rinktis tarp švelnumo ir aiškaus tvirtumo.","meilumas, jautrumas, rūpestis, minkštumas"
"svetingumas","Svetingumas","Kurti priimančią, šiltą erdvę kitiems.","Vidinė įtampa kyla, kai tau tenka rinktis tarp svetingumo ir privatumo ar resursų ribų.","priėmimas, vaišingumas, jaukumas, atvirumas"
"tarnyste","Tarnystė","Veikti taip, kad tai būtų naudinga kitiems.","Vidinė įtampa kyla, kai tau tenka rinktis tarp tarnystės ir savęs nepametimo.","pagalba, indėlis, altruizmas, misija"
"tarnyste_ir_savanoryste","Tarnystė ir savanorystė","Skirti laiką ir jėgas bendram gėriui.","Vidinė įtampa kyla, kai tau tenka rinktis tarp dovanojimo kitiems ir savo resursų saugojimo.","savanorystė, pagalba, bendras gėris, indėlis"
"teisingumas","Teisingumas","Siekti sąžiningo elgesio ir lygių taisyklių.","Vidinė įtampa kyla, kai tau tenka rinktis tarp teisingumo ir asmeninio lojalumo.","sąžiningumas, lygybė, teisumas, nešališkumas"
"tiesa","Tiesa","Matyti ir sakyti tai, kas yra.","Vidinė įtampa kyla, kai tau tenka rinktis tarp tiesos ir harmonijos išsaugojimo.","tikrumas, faktai, sąžiningumas, realybė"
"tikejimas_dvasingumas","Tikėjimas / dvasingumas","Remtis vidiniu tikėjimu ar aukštesne prasme.","Vidinė įtampa kyla, kai tau tenka rinktis tarp tikėjimo ir racionalaus paaiškinimo poreikio.","tikėjimas, dvasingumas, prasmė, religingumas"
"tikslas","Tikslas","Turėti aiškią kryptį, dėl kurios veiki.","Vidinė įtampa kyla, kai tau tenka rinktis tarp tikslo siekimo ir lankstumo gyvenimui.","kryptis, misija, siekis, uždavinys"
"tolerancija_ir_priemimas","Tolerancija ir priėmimas","Priimti skirtingumą be skuboto atmetimo.","Vidinė įtampa kyla, kai tau tenka rinktis tarp priėmimo ir principinių ribų.","pakantumas, atvirumas, priėmimas, pagarba"
"tradicija","Tradicija","Gerbti tai, kas perduota ir laiko patikrinta.","Vidinė įtampa kyla, kai tau tenka rinktis tarp tradicijos išsaugojimo ir naujumo.","papročiai, paveldas, tęstinumas, šaknys"
"turtas","Turtas","Kaupti materialius išteklius ir finansinę galią.","Vidinė įtampa kyla, kai tau tenka rinktis tarp turto kaupimo ir prasmingo naudojimo.","pinigai, kapitalas, gerovė, nuosavybė"
"tvarka","Tvarka","Turėti aiškumą, švarą, sistemą ir nuspėjamumą.","Vidinė įtampa kyla, kai tau tenka rinktis tarp tvarkos ir gyvo kūrybinio chaoso.","sistema, struktūra, organizuotumas, švara"
"tvarumas","Tvarumas","Rinktis ilgalaikius, atsakingus ir nežalojančius sprendimus.","Vidinė įtampa kyla, kai tau tenka rinktis tarp tvarumo ir greito patogumo.","atsakingumas, ekologija, ilgalaikiškumas, saikas"
"ugdymas","Ugdymas","Auginti kitų gebėjimus, brandą ir savarankiškumą.","Vidinė įtampa kyla, kai tau tenka rinktis tarp kitų ugdymo ir savo augimo.","mokymas, mentorystė, auginimas, lavinimas"
"uzuojauta","Užuojauta","Matyti kito skausmą ir reaguoti širdingai.","Vidinė įtampa kyla, kai tau tenka rinktis tarp užuojautos ir emocinio perėmimo.","atjauta, gailestingumas, empatija, rūpestis"
"vaizduote","Vaizduotė","Matyti galimybes, kurių dar nėra realybėje.","Vidinė įtampa kyla, kai tau tenka rinktis tarp vaizduotės ir praktinio įgyvendinimo.","fantazija, kūryba, vizija, idėjos"
"verslumas","Verslumas","Kurti vertę, galimybes ir veikti iniciatyviai.","Vidinė įtampa kyla, kai tau tenka rinktis tarp verslumo rizikos ir stabilumo poreikio.","iniciatyva, verslas, kūrimas, galimybės"
"vidine_laisve","Vidinė laisvė","Jaustis laisvam viduje, net esant riboms.","Vidinė įtampa kyla, kai tau tenka rinktis tarp vidinės laisvės ir išorinių įsipareigojimų.","vidinė erdvė, savarankiškumas, nepriklausomybė, ramybė"
"vidine_ramybe","Vidinė ramybė","Išlaikyti tylą ir stabilumą savyje.","Vidinė įtampa kyla, kai tau tenka rinktis tarp vidinės ramybės ir išorinio spaudimo veikti.","ramybė, tyla, pusiausvyra, stabilumas"
"vientisumas","Vientisumas","Suderinti žodžius, veiksmus ir vertybes.","Vidinė įtampa kyla, kai tau tenka rinktis tarp vientisumo ir patogaus kompromiso.","integralumas, nuoseklumas, sąžiningumas, tikrumas"
"viltis","Viltis","Tikėti, kad ateitis gali būti geresnė.","Vidinė įtampa kyla, kai tau tenka rinktis tarp vilties ir realybės priėmimo.","tikėjimas ateitimi, optimizmas, šviesa, lūkestis"
"zaismingumas","Žaismingumas","Leisti sau kurti, žaisti ir lengviau bandyti.","Vidinė įtampa kyla, kai tau tenka rinktis tarp žaismingumo ir rimtų atsakomybių.","lengvumas, humoras, žaidimas, kūryba"
"zinios","Žinios","Kaupti informaciją ir geriau suprasti pasaulį.","Vidinė įtampa kyla, kai tau tenka rinktis tarp žinių kaupimo ir išmintingo taikymo.","mokymasis, informacija, pažinimas, išmanymas"
"zmogiskumas","Žmogiškumas","Matyti žmogų prieš taisykles, naudą ar statusą.","Vidinė įtampa kyla, kai tau tenka rinktis tarp žmogiškumo ir sistemos efektyvumo.","humanizmas, atjauta, orumas, žmonės"
